"FK Name","Parent table","Parent field","Parent column_id","Referenced table","Referenced field","Referenced column_id","term_category"
"FK_AccessionStatus_To_Dictionary","Accession","StatusId","6","DictionaryItem","Id","1",
"FK_AccessionReceivedAs_To_Dictionary","Accession","ReceivedAsId","9","DictionaryItem","Id","1",
"FK_AccessionInterumLocation_To_Dictionary","Accession","InterumLocationId","18","DictionaryItem","Id","1","location"
"FK_AccessionReceivedBy_To_Dictionary","Accession","ReceivedById","23","DictionaryItem","Id","1","name"
"FK_AccessionAccessionedBy_To_Dictionary","Accession","AccessionedById","24","DictionaryItem","Id","1","name"
"FK_Accession_StatusByUserId_To_User","Accession","StatusByUserId","26","User","UserId","1",
"FK_Accession_RenewedBy_To_DictionaryItem","Accession","RenewedById","28","DictionaryItem","Id","1","name"
"FK_Accessions_ConvertedToAccessionId","Accession","ConvertedToAccessionId","33","Accession","Id","1",
"FK_Accession_CreatedByUserId","Accession","CreatedByUserId","38","User","UserId","1",
"FK_Accession_LastModifiedByUserId","Accession","LastModifiedByUserId","39","User","UserId","1",
"FK_Accession_FlagId","Accession","FlagId","40","Flag","Id","1",
"FK_AccessionActivities_To_Accession","AccessionActivities","AccessionId","1","Accession","Id","1",
"FK_AccessionActivities_To_Activity","AccessionActivities","ActivityId","2","Activity","Id","1",
"FK_AccessionAttachment_To_Accession","AccessionAttachment","AccessionId","2","Accession","Id","1",
"FK_AccessionAttachment_To_Attachment","AccessionAttachment","AttachmentId","3","Attachment","Id","1",
"FK_AccessionCustomField_AccessionId","AccessionCustomField","AccessionId","2","Accession","Id","1",
"FK_AccessionCustomField_FieldMetadata","AccessionCustomField","FieldMetadataId","3","FieldMetadata","Id","1",
"FK_AccessionDonors_To_Accession","AccessionDonors","AccessionId","2","Accession","Id","1",
"FK_AccessionDonors_To_Contact","AccessionDonors","ContactId","3","Contact","Id","1","name"
"FK_AccessionDonorsDocuments_To_AccessionDonors","AccessionDonorsDocuments","AccessionDonorId","2","AccessionDonors","Id","1",
"FK_AccessionDonorsDocuments_To_Documents","AccessionDonorsDocuments","DocumentId","3","Document","Id","1",
"FK_AccessionInstructionsAndOtherInformation_To_Accession","AccessionInstructionsAndOtherInformation","Id","1","Accession","Id","1",
"FK_AccessionInstructionsAndOtherInformation_DataSetId_To_DictionaryItem","AccessionInstructionsAndOtherInformation","DataSetId","10","DictionaryItem","Id","1",
"FK_AccessionInsuranceInformation_To_Accession","AccessionInsuranceInformation","Id","1","Accession","Id","1",
"FK_AccessionShippingInformation_To_Accession","AccessionShippingInformation","AccessionId","1","Accession","Id","1",
"FK_AccessionSource_AccessionId","AccessionSource","AccessionId","1","Accession","Id","1",
"FK_AccessionSource_ContactId","AccessionSource","ContactId","2","Contact","Id","1","name"
"FK_AccessionUrl_To_Accession","AccessionUrl","AccessionId","2","Accession","Id","1",
"FK_AccessionUrl_To_Url","AccessionUrl","UrlId","3","Url","Id","1",
"FK_Activity_DoneById_To_Dictionary","Activity","DoneById","5","DictionaryItem","Id","1","name"
"FK_Activity_ActivityId_To_Dictionary","Activity","ActivityId","6","DictionaryItem","Id","1",
"FK_AppraisalReport_CatalogItem","AppraisalReport","CatalogItemId","2","CatalogItemAppraisal","CatalogItemId","1",
"FK_AppraisalReport_ReasonId_To_DictionaryItem","AppraisalReport","ReasonId","6","DictionaryItem","Id","1",
"FK_AppraisalReport_AppraiserId_To_DictionaryItem","AppraisalReport","AppraiserId","7","DictionaryItem","Id","1","name"
"FK_ArchiveAlliedMaterials_To_Archive","ArchiveAlliedMaterials","CatalogItemId","1","CatalogItemArchive","CatalogItemId","1",
"FK_ArchiveAlliedMaterials_ArchivistId_To_DictionaryItem","ArchiveAlliedMaterials","ArchivistId","9","DictionaryItem","Id","1","name"
"FK_ArchiveContainerLocation_To_Archive","ArchiveContainerLocation","CatalogItemId","2","CatalogItemArchive","CatalogItemId","1",
"FK_ArchiveContainerLocation_CreatorId_To_Person","ArchiveContainerLocation","CreatorId","11","Person","Id","1","name"
"FK_ArchiveContainerLocationSubjects_ArchiveContainerLocationId_To_ArchiveContainerLocation","ArchiveContainerLocationSubjects","ArchiveContainerLocationId","1","ArchiveContainerLocation","Id","1",
"FK_ArchiveContainerLocationSubjects_DictionaryItemId_To_DictionaryItem","ArchiveContainerLocationSubjects","DictionaryItemId","2","DictionaryItem","Id","1","location"
"FK_ArchiveIdentity_To_Archive","ArchiveIdentity","CatalogItemId","1","CatalogItemArchive","CatalogItemId","1",
"FK_ArchiveIdentity_CreatorId_To_Person","ArchiveIdentity","CreatorId","10","Person","Id","1","name"
"FK_ArchiveIdentity_To_Site","ArchiveIdentity","SiteId","11","Site","Id","1","place"
"FK_ArchiveIdentity_EventId_To_DictionaryItem","ArchiveIdentity","EventId","12","DictionaryItem","Id","1",
"FK_ArchiveIdentity_MultilevelId_To_DictionaryItem","ArchiveIdentity","MultilevelId","13","DictionaryItem","Id","1",
"FK_ArchivePeople_CatalogItemId_To_ArchiveIdentity","ArchiveIdentityPeople","CatalogItemId","1","ArchiveIdentity","CatalogItemId","1",
"FK_ArchivePeople_PersonId_To_Person","ArchiveIdentityPeople","PersonId","2","Person","Id","1","name"
"FK_ArchiveStructure_To_Archive","ArchiveStructure","CatalogItemId","1","CatalogItemArchive","CatalogItemId","1",
"FK_ArchiveStructure_LanguageId_To_DictionaryItem","ArchiveStructure","LanguageId","11","DictionaryItem","Id","1","language"
"FK_ArtistInstrument_ArtistId_To_Person","ArtistInstrument","ArtistId","2","Person","Id","1","name"
"FK_ArtistInstrument_InstrumentId_To_DictionaryItem","ArtistInstrument","InstrumentId","3","DictionaryItem","Id","1",
"FK_ArtistInstrument_MusicTrackId_To_MusicTrack","ArtistInstrument","MusicTrackId","4","MusicTrack","Id","1",
"FK_Attachment_FileObject","Attachment","FileObjectId","2","FileObject","Id","1",
"FK_Attachment_UserAddedId","Attachment","UserAddedId","4","User","UserId","1","name"
"FK_AuditTrailRecord_Author_To_User","AuditTrailRecord","AuthorId","7","User","UserId","1","name"
"FK_AvailableColumn_To_ColumnMetadataId","AvailableColumn","ColumnMetadataId","4","ColumnMetadata","Id","1",
"FK_AvailableCustomColumn_To_FieldMetadata","AvailableCustomColumn","FieldMetadataId","4","FieldMetadata","Id","1",
"FK_AvailableCustomFilter_To_FieldMetadataId","AvailableCustomFilter","FieldMetadataId","4","FieldMetadata","Id","1",
"FK_AvailableFilter_To_FilterMetadataId","AvailableFilter","FilterMetadataId","4","FilterMetadata","Id","1",
"FK_Campaign_ManagerId_To_DictionaryItem","Campaign","ManagerId","9","DictionaryItem","Id","1","name"
"FK_Campaign_FundId_To_Fund","Campaign","FundId","10","Fund","Id","1",
"FK_CampaignActivity_Campaign","CampaignActivity","CampaignId","2","Campaign","Id","1",
"FK_CampaignAttachment_To_Campaign","CampaignAttachment","CampaignId","2","Campaign","Id","1",
"FK_CampaignAttachment_To_Attachment","CampaignAttachment","AttachmentId","3","Attachment","Id","1",
"FK_CampaignUrl_To_Campaign","CampaignUrl","CampaignId","2","Campaign","Id","1",
"FK_CampaignUrl_To_Url","CampaignUrl","UrlId","3","Url","Id","1",
"FK_CatalogItem_DisposalMethodId_To_DictionaryItem","CatalogItem","DisposalMethodId","17","DictionaryItem","Id","1",
"FK_CatalogItem_StatusByUserId_To_User","CatalogItem","StatusByUserId","20","User","UserId","1","name"
"FK_CatalogItemStatusId_DictionaryItem","CatalogItem","StatusId","22","DictionaryItem","Id","1",
"FK_CatalogItemCollectionId_DictionaryItem","CatalogItem","CollectionId","23","DictionaryItem","Id","1","collection"
"FK_CatalogItem_AccessionId_To_Accession","CatalogItem","AccessionId","24","Accession","Id","1",
"FK_CatalogItem_ItemNameId_To_LexiconItem","CatalogItem","ItemNameId","26","LexiconItem","Id","1",
"FK_CatalogItem_OtherNameId_To_DictionaryItem","CatalogItem","OtherNameId","30","DictionaryItem","Id","1",
"FK_CatalogItem_DeaccessionAuthorizedByUserId_To_Dictionary","CatalogItem","DeaccessionAuthorizedByUserId","32","DictionaryItem","Id","1","name"
"FK_CatalogItem_CreatedByUserId_To_User_UserId","CatalogItem","CreatedByUserId","36","User","UserId","1","name"
"FK_CatalogItem_LastModifiedByUserId_To_User_UserId","CatalogItem","LastModifiedByUserId","38","User","UserId","1","name"
"FK_CatalogItem_CatalogedById_To_DictionaryItem","CatalogItem","CatalogedById","39","DictionaryItem","Id","1","name"
"FK_CatalogItem_FlagId","CatalogItem","FlagId","44","Flag","Id","1",
"FK_CatalogItemAppraisal_CatalogItemId_To_CatalogItem","CatalogItemAppraisal","CatalogItemId","1","CatalogItem","Id","1",
"FK_CatalogItemArchaeology_CatalogItemId_To_CatalogItem","CatalogItemArchaeology","CatalogItemId","1","CatalogItem","Id","1",
"FK_CatalogItemArchaeology_DatingMethodId_To_DictionaryItem","CatalogItemArchaeology","DatingMethodId","15","DictionaryItem","Id","1",
"FK_CatalogItemArchaeology_To_Site","CatalogItemArchaeology","SiteId","16","Site","Id","1","place"
"FK_CatalogItemArchaeology_CollectorId_To_DictionaryItem","CatalogItemArchaeology","CollectorId","17","DictionaryItem","Id","1","name"
"FK_CatalogItemArchaeology_ExcavatedById_To_DictionaryItem","CatalogItemArchaeology","ExcavatedById","18","DictionaryItem","Id","1","name"
"FK_CatalogItemArchaeology_IdentifiedById_To_DictionaryItem","CatalogItemArchaeology","IdentifiedById","19","DictionaryItem","Id","1","name"
"FK_CatalogItemArchaeologyMaterial_CatalogItemId_To_CatalogItemArt","CatalogItemArchaeologyMaterial","CatalogItemId","1","CatalogItemArchaeology","CatalogItemId","1",
"FK_CatalogItemArchaeologyMaterial_DictionaryItemId","CatalogItemArchaeologyMaterial","DictionaryItemId","2","DictionaryItem","Id","1",
"FK_CatalogItemArchive_CatalogItemId_To_CatalogItem","CatalogItemArchive","CatalogItemId","1","CatalogItem","Id","1",
"FK_CatalogItemArt_CatalogItemId_To_CatalogItem","CatalogItemArt","CatalogItemId","1","CatalogItem","Id","1",
"FK_CatalogItemArt_CultureId_To_DictionaryItem","CatalogItemArt","CultureId","2","DictionaryItem","Id","1",
"FK_CatalogItemArt_SchoolId_To_DictionaryItem","CatalogItemArt","SchoolId","3","DictionaryItem","Id","1",
"FK_CatalogItemArt_CreatorId_To_Person","CatalogItemArt","CreatorId","5","Person","Id","1","name"
"FK_CatalogItemArt_Creator2Id_To_Person","CatalogItemArt","Creator2Id","6","Person","Id","1","name"
"FK_CatalogItemArt_Creator3Id_To_Person","CatalogItemArt","Creator3Id","7","Person","Id","1","name"
"FK_CatalogItemArt_CreatorRoleId_To_DictionaryItem","CatalogItemArt","CreatorRoleId","8","DictionaryItem","Id","1",
"FK_CatalogItemArt_Creator2RoleId_To_DictionaryItem","CatalogItemArt","Creator2RoleId","9","DictionaryItem","Id","1",
"FK_CatalogItemArt_Creator3RoleId_To_DictionaryItem","CatalogItemArt","Creator3RoleId","10","DictionaryItem","Id","1",
"FK_CatalogItemArt_ImageSize_To_DictionaryItem","CatalogItemArt","ImageSizeId","13","DictionaryItem","Id","1",
"FK_CatalogItemArt_FrameSize_To_DictionaryItem","CatalogItemArt","FrameSizeId","14","DictionaryItem","Id","1",
"FK_CatalogItemArt_CollectorId_To_DictionaryItem","CatalogItemArt","CollectorId","16","DictionaryItem","Id","1","name"
"FK_CatalogItemArtAccessories_CatalogItemId_To_CatalogItemArt","CatalogItemArtAccessories","CatalogItemId","1","CatalogItemArt","CatalogItemId","1",
"FK_CatalogItemArtAccessories_DictionaryItemId","CatalogItemArtAccessories","DictionaryItemId","2","DictionaryItem","Id","1",
"FK_CatalogItemArtMaterial_CatalogItemId_To_CatalogItemArt","CatalogItemArtMaterial","CatalogItemId","1","CatalogItemArt","CatalogItemId","1",
"FK_CatalogItemArtMaterial_DictionaryItemId","CatalogItemArtMaterial","DictionaryItemId","2","DictionaryItem","Id","1",
"FK_CatalogItemArtMedium_CatalogItemId_To_CatalogItemArt","CatalogItemArtMedium","CatalogItemId","1","CatalogItemArt","CatalogItemId","1",
"FK_CatalogItemArtMedium_DictionaryItemId","CatalogItemArtMedium","DictionaryItemId","2","DictionaryItem","Id","1",
"FK_CatalogItemArtTechnique_CatalogItemId_To_CatalogItemArt","CatalogItemArtTechnique","CatalogItemId","1","CatalogItemArt","CatalogItemId","1",
"FK_CatalogItemArtTechnique_DictionaryItemId","CatalogItemArtTechnique","DictionaryItemId","2","DictionaryItem","Id","1",
"FK_CatalogItemAttachment_CatalogItemId_To_CatalogItem","CatalogItemAttachment","CatalogItemId","2","CatalogItem","Id","1",
"FK_CatalogItemAttachment_Attachment","CatalogItemAttachment","AttachmentId","3","Attachment","Id","1",
"FK_CatalogItemClassification_CatalogItemId_To_CatalogItem","CatalogItemClassification","CatalogItemId","1","CatalogItem","Id","1",
"FK_CatalogItemClassification_DictionaryItemId","CatalogItemClassification","DictionaryItemId","2","DictionaryItem","Id","1",
"FK_CatalogItemCondition_CatalogItem","CatalogItemCondition","CatalogItemId","1","CatalogItem","Id","1",
"FK_CatalogItemCondition_ConditionId_To_DictionaryItem","CatalogItemCondition","ConditionId","2","DictionaryItem","Id","1",
"FK_CatalogItemCondition_DisplayValueId_To_DictionaryItem","CatalogItemCondition","DisplayValueId","7","DictionaryItem","Id","1",
"FK_CatalogItemCustomField_CatalogItem","CatalogItemCustomField","CatalogItemId","2","CatalogItem","Id","1",
"FK_CatalogItemCustomField_FieldMetadata","CatalogItemCustomField","FieldMetadataId","3","FieldMetadata","Id","1",
"FK_CatalogItemDimensions_CatalogItemId_To_CatalogItem","CatalogItemDimensions","CatalogItemId","1","CatalogItem","Id","1",
"FK_CatalogItemGeology_CatalogItemId_To_CatalogItem","CatalogItemGeology","CatalogItemId","1","CatalogItem","Id","1",
"FK_CatalogItemGeology_To_Site","CatalogItemGeology","SiteId","4","Site","Id","1","place"
"FK_CatalogItemGeology_RockTypeId_To_DictionaryItem","CatalogItemGeology","RockTypeId","16","DictionaryItem","Id","1",
"FK_CatalogItemGeology_HardnessId_To_DictionaryItem","CatalogItemGeology","HardnessId","17","DictionaryItem","Id","1",
"FK_CatalogItemGeology_LusterId_To_DictionaryItem","CatalogItemGeology","LusterId","18","DictionaryItem","Id","1",
"FK_CatalogItemGeology_CrystalSystemId_To_DictionaryItem","CatalogItemGeology","CrystalSystemId","19","DictionaryItem","Id","1",
"FK_CatalogItemGeology_OriginId_To_DictionaryItem","CatalogItemGeology","OriginId","20","DictionaryItem","Id","1",
"FK_CatalogItemGeology_FossilsId_To_DictionaryItem","CatalogItemGeology","FossilsId","21","DictionaryItem","Id","1",
"FK_CatalogItemGeology_GrainSizeId_To_DictionaryItem","CatalogItemGeology","GrainSizeId","22","DictionaryItem","Id","1",
"FK_CatalogItemGeology_PressureId_To_DictionaryItem","CatalogItemGeology","PressureId","23","DictionaryItem","Id","1",
"FK_CatalogItemGeology_ClassificationId_To_DictionaryItem","CatalogItemGeology","ClassificationId","24","DictionaryItem","Id","1",
"FK_CatalogItemGeology_TemperatureId_To_DictionaryItem","CatalogItemGeology","TemperatureId","25","DictionaryItem","Id","1",
"FK_CatalogItemGeology_ColorId_To_DictionaryItem","CatalogItemGeology","ColorId","26","DictionaryItem","Id","1",
"FK_CatalogItemGeology_SurfaceProcessId_To_DictionaryItem","CatalogItemGeology","SurfaceProcessId","27","DictionaryItem","Id","1",
"FK_CatalogItemGeology_CollectorId_To_DictionaryItem","CatalogItemGeology","CollectorId","28","DictionaryItem","Id","1","name"
"FK_CatalogItemGeology_IdentifiedById_To_DictionaryItem","CatalogItemGeology","IdentifiedById","29","DictionaryItem","Id","1","name"
"FK_CatalogItemHistory_CatalogItemId_To_CatalogItem","CatalogItemHistory","CatalogItemId","1","CatalogItem","Id","1",
"FK_CatalogItemHistory_CreatorId_To_Person","CatalogItemHistory","CreatorId","3","Person","Id","1","name"
"FK_CatalogItemHistory_CreatorRoleId_To_DictionaryItem","CatalogItemHistory","CreatorRoleId","4","DictionaryItem","Id","1",
"FK_CatalogItemHistory_EventId_To_DictionaryItem","CatalogItemHistory","EventId","5","DictionaryItem","Id","1",
"FK_CatalogItemHistory_UsageId_To_DictionaryItem","CatalogItemHistory","UsageId","6","DictionaryItem","Id","1","name"
"FK_CatalogItemHistory_OwnerId_To_DictionaryItem","CatalogItemHistory","OwnerId","7","DictionaryItem","Id","1","name"
"FK_CatalogItemHistory_MadeId_To_DictionaryItem","CatalogItemHistory","MadeId","8","DictionaryItem","Id","1","name"
"FK_CatalogItemHistory_CollectorId_To_DictionaryItem","CatalogItemHistory","CollectorId","9","DictionaryItem","Id","1","name"
"FK_CatalogItemHistoryMaterial_CatalogItemId_To_CatalogItemHistory","CatalogItemHistoryMaterial","CatalogItemId","1","CatalogItemHistory","CatalogItemId","1",
"FK_CatalogItemHistoryMaterial_DictionaryItemId","CatalogItemHistoryMaterial","DictionaryItemId","2","DictionaryItem","Id","1",
"FK_CatalogItemHistoryOrigin_CatalogItemId_To_CatalogItemHistory","CatalogItemHistoryOrigin","CatalogItemId","1","CatalogItemHistory","CatalogItemId","1",
"FK_CatalogItemHistoryOrigin_DictionaryItemId","CatalogItemHistoryOrigin","DictionaryItemId","2","DictionaryItem","Id","1","place"
"FK_CatalogItemHistoryPlaceFound_CatalogItemId_To_CatalogItemHistory","CatalogItemHistoryPlaceFound","CatalogItemId","1","CatalogItemHistory","CatalogItemId","1",
"FK_CatalogItemHistoryPlaceFound_DictionaryItemId","CatalogItemHistoryPlaceFound","DictionaryItemId","2","DictionaryItem","Id","1",
"FK_CatalogItemImages_CatalogItemId_To_CatalogItem","CatalogItemImage","CatalogItemId","2","CatalogItem","Id","1",
"FK_CatalogItemImages_ImageId","CatalogItemImage","ImageId","3","ImageObject","Id","1",
"FK_CatalogItemInscription_CatalogItemId_To_CatalogItem","CatalogItemInscription","CatalogItemId","1","CatalogItem","Id","1",
"FK_CatalogItemInscription_Type","CatalogItemInscription","TypeId","2","DictionaryItem","Id","1",
"FK_CatalogItemInscription_Technique","CatalogItemInscription","TechniqueId","3","DictionaryItem","Id","1",
"FK_CatalogItemInscription_Language","CatalogItemInscription","LanguageId","4","DictionaryItem","Id","1",
"FK_CatalogItemInsurance_CatalogItemId_To_CatalogItem","CatalogItemInsurance","CatalogItemId","1","CatalogItem","Id","1",
"FK_CatalogItemLexicon_CatalogItemId_To_CatalogItem","CatalogItemLexicon","CatalogItemId","1","CatalogItem","Id","1",
"FK_CatalogItemLexicon_ItemName2Id_To_LexiconItem","CatalogItemLexicon","ItemName2Id","2","LexiconItem","Id","1",
"FK_CatalogItemLexicon_ItemName3Id_To_LexiconItem","CatalogItemLexicon","ItemName3Id","3","LexiconItem","Id","1",
"FK_CatalogItemLibrary_CatalogItemId_To_CatalogItem","CatalogItemLibrary","CatalogItemId","1","CatalogItem","Id","1",
"FK_CatalogItemLibrary_AuthorId_To_DictionaryItem","CatalogItemLibrary","AuthorId","2","DictionaryItem","Id","1","name"
"FK_CatalogItemLibrary_To_Site","CatalogItemLibrary","SiteId","3","Site","Id","1","place"
"FK_CatalogItemLibrary_PublisherId_To_DictionaryItem","CatalogItemLibrary","PublisherId","4","DictionaryItem","Id","1","name"
"FK_CatalogItemLibrary_PublishedPlaceId_To_DictionaryItem","CatalogItemLibrary","PublishedPlaceId","5","DictionaryItem","Id","1","place"
"FK_CatalogItemLibrary_SeriesId_To_DictionaryItem","CatalogItemLibrary","SeriesId","6","DictionaryItem","Id","1",
"FK_CatalogItemLibrary_LanguageId_To_DictionaryItem","CatalogItemLibrary","LanguageId","7","DictionaryItem","Id","1","language"
"FK_CatalogItemLibrary_EventId_To_DictionaryItem","CatalogItemLibrary","EventId","8","DictionaryItem","Id","1",
"FK_CatalogItemLocation_CatalogItemId_To_CatalogItem","CatalogItemLocation","CatalogItemId","1","CatalogItem","Id","1",
"FK_CatalogItemLocation_DataSetId_To_DictionaryItem","CatalogItemLocation","DataSetId","2","DictionaryItem","Id","1",
"FK_CatalogItemLocation_HomeLocationId_To_Location","CatalogItemLocation","HomeLocationId","3","Location","Id","1","location"
"FK_CatalogItemLocation_TempLocationId_To_Location","CatalogItemLocation","TempLocationId","4","Location","Id","1","location"
"FK_CatalogItemLocation_InventoriedById_To_DictionaryItem","CatalogItemLocation","InventoriedById","9","DictionaryItem","Id","1","name"
"FK_CatalogItemMap_CatalogItemId_To_CatalogItem","CatalogItemMap","CatalogItemId","1","CatalogItem","Id","1",
"FK_CatalogItemMap_PublisherIdId","CatalogItemMap","PublisherId","2","DictionaryItem","Id","1","name"
"FK_CatalogItemMap_PublishedPlaceId","CatalogItemMap","PublishedPlaceId","3","DictionaryItem","Id","1","place"
"FK_CatalogItemMap_LanguageId","CatalogItemMap","LanguageId","4","DictionaryItem","Id","1","language"
"FK_CatalogItemMapMedium_CatalogItemId","CatalogItemMapMedium","CatalogItemId","1","CatalogItemMap","CatalogItemId","1",
"FK_CatalogItemMapMedium_DictionaryItemId","CatalogItemMapMedium","DictionaryItemId","2","DictionaryItem","Id","1",
"FK_CatalogItemMultilevelLinking_CatalogItemId_To_CatalogItem","CatalogItemMultilevelLinking","CatalogItemId","1","CatalogItem","Id","1",
"FK_CatalogItemMultilevelLinking_DataSetId_To_DictionaryItem","CatalogItemMultilevelLinking","LevelId","3","DictionaryItem","Id","1",
"FK_CatalogItemMusic_CatalogItemId_To_CatalogItem","CatalogItemMusic","CatalogItemId","1","CatalogItem","Id","1",
"FK_CatalogItemMusic_PrimaryArtistId_To_Person","CatalogItemMusic","PrimaryArtistId","6","Person","Id","1","name"
"FK_CatalogItemMusic_GenreId_To_DictionaryItem","CatalogItemMusic","GenreId","7","DictionaryItem","Id","1",
"FK_CatalogItemMusic_RecordingMediaId_To_DictionaryItem","CatalogItemMusic","RecordingMediaId","8","DictionaryItem","Id","1",
"FK_CatalogItemMusic_InstrumentId_To_DictionaryItem","CatalogItemMusic","InstrumentId","9","DictionaryItem","Id","1",
"FK_CatalogItemNaturalHistory_CatalogItemId_To_CatalogItem","CatalogItemNaturalHistory","CatalogItemId","1","CatalogItem","Id","1",
"FK_CatalogItemNaturalHistory_To_Site","CatalogItemNaturalHistory","SiteId","6","Site","Id","1","place"
"FK_CatalogItemNaturalHistory_HabitatId_To_DictionaryItem","CatalogItemNaturalHistory","HabitatId","8","DictionaryItem","Id","1",
"FK_CatalogItemNaturalHistory_SexId_To_DictionaryItem","CatalogItemNaturalHistory","SexId","9","DictionaryItem","Id","1",
"FK_CatalogItemNaturalHistory_EraId_To_DictionaryItem","CatalogItemNaturalHistory","EraId","10","DictionaryItem","Id","1",
"FK_CatalogItemNaturalHistory_EpochId_To_DictionaryItem","CatalogItemNaturalHistory","EpochId","11","DictionaryItem","Id","1",
"FK_CatalogItemNaturalHistory_PeriodId_To_DictionaryItem","CatalogItemNaturalHistory","PeriodId","12","DictionaryItem","Id","1",
"FK_CatalogItemNaturalHistory_StageId_To_DictionaryItem","CatalogItemNaturalHistory","StageId","13","DictionaryItem","Id","1",
"FK_CatalogItemNaturalHistory_KingdomId_To_DictionaryItem","CatalogItemNaturalHistory","KingdomId","14","DictionaryItem","Id","1",
"FK_CatalogItemNaturalHistory_SubfamilyId_To_DictionaryItem","CatalogItemNaturalHistory","SubfamilyId","15","DictionaryItem","Id","1",
"FK_CatalogItemNaturalHistory_PhylumId_To_DictionaryItem","CatalogItemNaturalHistory","PhylumId","16","DictionaryItem","Id","1",
"FK_CatalogItemNaturalHistory_GenusId_To_DictionaryItem","CatalogItemNaturalHistory","GenusId","17","DictionaryItem","Id","1",
"FK_CatalogItemNaturalHistory_ClassId_To_DictionaryItem","CatalogItemNaturalHistory","ClassId","18","DictionaryItem","Id","1",
"FK_CatalogItemNaturalHistory_SpeciesId_To_DictionaryItem","CatalogItemNaturalHistory","SpeciesId","19","DictionaryItem","Id","1",
"FK_CatalogItemNaturalHistory_OrderId_To_DictionaryItem","CatalogItemNaturalHistory","OrderId","20","DictionaryItem","Id","1",
"FK_CatalogItemNaturalHistory_SubspeciesId_To_DictionaryItem","CatalogItemNaturalHistory","SubspeciesId","21","DictionaryItem","Id","1",
"FK_CatalogItemNaturalHistory_FamilyId_To_DictionaryItem","CatalogItemNaturalHistory","FamilyId","22","DictionaryItem","Id","1",
"FK_CatalogItemNaturalHistory_CollectorId_To_DictionaryItem","CatalogItemNaturalHistory","CollectorId","23","DictionaryItem","Id","1","name"
"FK_CatalogItemNaturalHistory_PreparedById_To_DictionaryItem","CatalogItemNaturalHistory","PreparedById","24","DictionaryItem","Id","1","name"
"FK_CatalogItemNaturalHistory_IdentifiedById_To_DictionaryItem","CatalogItemNaturalHistory","IdentifiedById","25","DictionaryItem","Id","1","name"
"FK_CatalogItemNaturalHistorySkeletal_CatalogItemId_To_CINaturalHistory","CatalogItemNaturalHistorySkeletal","CatalogItemId","1","CatalogItemNaturalHistory","CatalogItemId","1",
"FK_CatalogItemNaturalHistorySkeletal_DictionaryItemId","CatalogItemNaturalHistorySkeletal","DictionaryItemId","2","DictionaryItem","Id","1",
"FK_CatalogItemNotesAndLegal_CatalogItemId_To_CatalogItem","CatalogItemNotesAndLegal","CatalogItemId","1","CatalogItem","Id","1",
"FK_CatalogItemPeople_CatalogItemId_To_CatalogItem","CatalogItemPeople","CatalogItemId","1","CatalogItem","Id","1",
"FK_CatalogItemPeople_PersonId_To_Person","CatalogItemPeople","PersonId","2","Person","Id","1","name"
"FK_CatalogItemPhoto_CatalogItemId_To_CatalogItem","CatalogItemPhoto","CatalogItemId","1","CatalogItem","Id","1",
"FK_CatalogItemPhoto_PhotographerId","CatalogItemPhoto","PhotographerId","2","Person","Id","1","name"
"FK_CatalogItemPhoto_StudioId","CatalogItemPhoto","StudioId","3","DictionaryItem","Id","1",
"FK_CatalogItemPhoto_ProcessingMethodId","CatalogItemPhoto","ProcessingMethodId","4","DictionaryItem","Id","1",
"FK_CatalogItemPhoto_PrintSizeId","CatalogItemPhoto","PrintSizeId","5","DictionaryItem","Id","1",
"FK_CatalogItemPhoto_FilmSizeId","CatalogItemPhoto","FilmSizeId","6","DictionaryItem","Id","1",
"FK_CatalogItemPhoto_OriginalCopyId","CatalogItemPhoto","OriginalCopyId","7","DictionaryItem","Id","1",
"FK_CatalogItemPhoto_To_Site","CatalogItemPhoto","SiteId","11","Site","Id","1","place"
"FK_CatalogItemPhoto_EventId","CatalogItemPhoto","EventId","15","DictionaryItem","Id","1",
"FK_CatalogItemPhoto_NegativeLocationId_To_DictionaryItem","CatalogItemPhoto","NegativeLocationId","16","DictionaryItem","Id","1",
"FK_CatalogItemPhotoMedium_CatalogItemId","CatalogItemPhotoMedium","CatalogItemId","1","CatalogItemPhoto","CatalogItemId","1",
"FK_CatalogItemPhotoMedium_DictionaryItemId","CatalogItemPhotoMedium","DictionaryItemId","2","DictionaryItem","Id","1",
"FK_CatalogItemPhotoPlace_CatalogItemId","CatalogItemPhotoPlace","CatalogItemId","1","CatalogItemPhoto","CatalogItemId","1",
"FK_CatalogItemPhotoPlace_DictionaryItemId","CatalogItemPhotoPlace","DictionaryItemId","2","DictionaryItem","Id","1",
"FK_CatalogItemRelation_CatalogItemId_To_CatalogItem","CatalogItemRelation","CatalogItemId","1","CatalogItem","Id","1",
"FK_CatalogItemRepatriation_CatalogItemId_To_CatalogItem","CatalogItemRepatriation","CatalogItemId","1","CatalogItem","Id","1",
"FK_CatalogItemRepatriation_Type","CatalogItemRepatriation","TypeId","2","DictionaryItem","Id","1",
"FK_CatalogItemRepatriation_AuthorizedByUserId","CatalogItemRepatriation","AuthorizedByUserId","9","DictionaryItem","Id","1",
"FK_CatalogItemSource_To_CatalogItem","CatalogItemSource","Id","1","CatalogItem","Id","1",
"FK_CatalogItemSource_To_Dictionary","CatalogItemSource","ReceivedAsId","5","DictionaryItem","Id","1",
"FK_CatalogItemSubjects_CatalogItemId_To_CatalogItem","CatalogItemSubjects","CatalogItemId","1","CatalogItem","Id","1",
"FK_CatalogItemSubjects_SubjectId","CatalogItemSubjects","DictionaryItemId","2","DictionaryItem","Id","1",
"FK_CatalogItemTags_CatalogItemId_To_CatalogItem","CatalogItemTags","CatalogItemId","1","CatalogItem","Id","1",
"FK_CatalogItemTags_TagId","CatalogItemTags","DictionaryItemId","2","DictionaryItem","Id","1",
"FK_CatalogItemUrl_CatalogItemId_To_CatalogItem","CatalogItemUrl","CatalogItemId","2","CatalogItem","Id","1",
"FK_CatalogItemUrl_UrlId","CatalogItemUrl","UrlId","3","Url","Id","1",
"FK_CatalogList_ListCategoryId_To_DictionaryItem","CatalogList","ListCategoryId","4","DictionaryItem","Id","1",
"FK_CatalogList_ListManagerId_To_User","CatalogList","ListManagerId","5","User","UserId","1",
"FK_CatalogListRecords_CatalogListId_To_CatalogList","CatalogListRecords","CatalogListId","2","CatalogList","Id","1",
"FK_CatalogListRecords_CatalogItemId_To_CatalogItem","CatalogListRecords","CatalogItemId","3","CatalogItem","Id","1",
"FK_Classification_To_Category","Classification","CategoryId","3","Category","Id","1",
"FK_ColumnMetadataRestriction_To_ColumnMetadata","ColumnMetadataRestriction","MetadataId","2","ColumnMetadata","Id","1",
"FK_ConditionReport_CatalogItem","ConditionReport","CatalogItemId","2","CatalogItemCondition","CatalogItemId","1",
"FK_ConditionReport_ConditionId_To_DictionaryItem","ConditionReport","ConditionId","4","DictionaryItem","Id","1",
"FK_ConditionReport_ReportTypeId_To_DictionaryItem","ConditionReport","ReportTypeId","5","DictionaryItem","Id","1",
"FK_ConditionReport_ConservatorId_To_DictionaryItem","ConditionReport","ConservatorId","6","DictionaryItem","Id","1",
"FK_ConditionReport_CreatedByUserId_To_DictionaryItem","ConditionReport","CreatedByUserId","14","DictionaryItem","Id","1",
"FK_ConditionReportCleanlinessState_ReportId_To_ConditionReport","ConditionReportCleanlinessState","ReportId","1","ConditionReport","Id","1",
"FK_ConditionReportCleanlinessState_DictionaryItemId","ConditionReportCleanlinessState","DictionaryItemId","2","DictionaryItem","Id","1",
"FK_ConditionReportImage_To_ConditionReport","ConditionReportImage","ConditionReportId","2","ConditionReport","Id","1",
"FK_ConditionReportImage_To_Image","ConditionReportImage","ImageId","3","ImageObject","Id","1",
"FK_ConditionReportMaterialsCondition_ReportId_To_ConditionReport","ConditionReportMaterialsCondition","ReportId","1","ConditionReport","Id","1",
"FK_ConditionReportMaterialsCondition_DictionaryItemId","ConditionReportMaterialsCondition","DictionaryItemId","2","DictionaryItem","Id","1",
"FK_ConditionReportPartsCondition_ReportId_To_ConditionReport","ConditionReportPartsCondition","ReportId","1","ConditionReport","Id","1",
"FK_ConditionReportPartsCondition_DictionaryItemId","ConditionReportPartsCondition","DictionaryItemId","2","DictionaryItem","Id","1",
"FK_ConditionReportStructureCondition_ReportId_To_ConditionReport","ConditionReportStructureCondition","ReportId","1","ConditionReport","Id","1",
"FK_ConditionReportStructureCondition_DictionaryItemId","ConditionReportStructureCondition","DictionaryItemId","2","DictionaryItem","Id","1",
"FK_ConditionReportSurfaceCondition_ReportId_To_ConditionReport","ConditionReportSurfaceCondition","ReportId","1","ConditionReport","Id","1",
"FK_ConditionReportSurfaceCondition_DictionaryItemId","ConditionReportSurfaceCondition","DictionaryItemId","2","DictionaryItem","Id","1",
"FK_Contact_GroupId_To_DictionaryItem","Contact","GroupId","5","DictionaryItem","Id","1",
"FK_Contact_To_Spouse","Contact","SpouseId","6","Contact","Id","1",
"FK_Contact_To_Membership","Contact","MembershipId","19","Membership","Id","1",
"FK_Contact_CreatedByUserId","Contact","CreatedByUserId","28","User","UserId","1",
"FK_Contact_LastModifiedByUserId","Contact","LastModifiedByUserId","29","User","UserId","1",
"FK_Contact_FlagId","Contact","FlagId","30","Flag","Id","1",
"FK_ContactActivities_ContactId_To_Contact","ContactActivities","ContactId","1","Contact","Id","1",
"FK_ContactActivitiesPrograms_ContactId_To_ContactActivities","ContactActivitiesPrograms","ContactId","1","ContactActivities","ContactId","1",
"FK_ContactActivitiesPrograms_DictionaryItemId","ContactActivitiesPrograms","DictionaryItemId","2","DictionaryItem","Id","1",
"FK_ContactAddressAndPhoneNumbers_ContactId_To_Contact","ContactAddressAndPhoneNumbers","ContactId","1","Contact","Id","1",
"FK_ContactAddressAndPhoneNumbers_CountryId_To_Dictionary","ContactAddressAndPhoneNumbers","CountryId","19","DictionaryItem","Id","1",
"FK_ContactAddressAndPhoneNumbers_SecondaryCountryId_To_Dictionary","ContactAddressAndPhoneNumbers","SecondaryCountryId","27","DictionaryItem","Id","1",
"FK_ContactAttachments_To_Contact","ContactAttachments","ContactId","2","Contact","Id","1",
"FK_ContactAttachments_To_Attachment","ContactAttachments","AttachmentId","3","Attachment","Id","1",
"FK_ContactBiographicalInfo_ContactId_To_Contact","ContactBiographicalInfo","ContactId","1","Contact","Id","1",
"FK_ContactBiographicalInfo_SexId_To_DictionaryItem","ContactBiographicalInfo","SexId","3","DictionaryItem","Id","1",
"FK_ContactBiographicalInfo_MaritalStatusId_To_DictionaryItem","ContactBiographicalInfo","MaritalStatusId","17","DictionaryItem","Id","1",
"FK_ContactCustomField_Contact","ContactCustomField","ContactId","2","Contact","Id","1",
"FK_ContactCustomField_FieldMetadata","ContactCustomField","FieldMetadataId","3","FieldMetadata","Id","1",
"FK_ContactDocuments_To_Contact","ContactDocuments","ContactId","2","Contact","Id","1",
"FK_ContactDocuments_To_Document","ContactDocuments","DocumentId","3","Document","Id","1",
"FK_ContactImage_To_Contact","ContactImage","ContactId","2","Contact","Id","1",
"FK_ContactImage_To_Image","ContactImage","ImageId","3","ImageObject","Id","1",
"FK_ContactInKindGiftDocuments_To_InKindGift","ContactInKindGiftDocuments","InKindGiftId","2","InKindGift","Id","1",
"FK_ContactInKindGiftDocuments_To_Document","ContactInKindGiftDocuments","DocumentId","3","Document","Id","1",
"FK_ContactList_ListCategoryId_To_DictionaryItem","ContactList","ListCategoryId","4","DictionaryItem","Id","1",
"FK_ContactList_ListManagerId_To_User","ContactList","ListManagerId","5","User","UserId","1",
"FK_ContactListRecords_ContactListId_To_ContactList","ContactListRecords","ContactListId","2","ContactList","Id","1",
"FK_ContactListRecords_ContactId_To_Contact","ContactListRecords","ContactId","3","Contact","Id","1",
"FK_ContactMailLog_To_MailLog","ContactMailLog","MailLogId","2","MailLog","Id","1",
"FK_ContactMailLog_To_Contact","ContactMailLog","ContactId","3","Contact","Id","1",
"FK_ContactPaymentDocuments_To_MembershipDuesPayment","ContactPaymentDocuments","MembershipDuesPaymentId","2","MembershipDuesPayment","Id","1",
"FK_ContactPaymentDocuments_To_Document","ContactPaymentDocuments","DocumentId","3","Document","Id","1",
"FK_ContactPledgePaymentScheduleDocuments_To_PledgePaymentScheduleItem","ContactPledgePaymentScheduleDocuments","PledgePaymentScheduleItemId","2","PledgePaymentScheduleItem","Id","1",
"FK_ContactPledgePaymentScheduleDocuments_To_Document","ContactPledgePaymentScheduleDocuments","DocumentId","3","Document","Id","1",
"FK_ContactPledgesDocuments_To_Pledge","ContactPledgesDocuments","PledgeId","2","Pledge","Id","1",
"FK_ContactPledgesDocuments_To_Document","ContactPledgesDocuments","DocumentId","3","Document","Id","1",
"FK_ContactPledgesInformation_ContactId_To_Contact","ContactPledgesInformation","Id","1","Contact","Id","1",
"FK_ContactPledgesInformation_ProspectRatingId_To_DictionaryItem","ContactPledgesInformation","ProspectRatingId","2","DictionaryItem","Id","1",
"FK_ContactPledgesInformation_IncomeLevelId_To_DictionaryItem","ContactPledgesInformation","IncomeLevelId","3","DictionaryItem","Id","1",
"FK_ContactPledgesInformation_FollowUpTypeId_To_DictionaryItem","ContactPledgesInformation","FollowUpTypeId","4","DictionaryItem","Id","1",
"FK_ContactPledgesInformation_OriginalSolicitorId_To_DictionaryItem","ContactPledgesInformation","OriginalSolicitorId","6","DictionaryItem","Id","1",
"FK_ContactPledgesInformation_CurrentSolicitorId_To_DictionaryItem","ContactPledgesInformation","CurrentSolicitorId","7","DictionaryItem","Id","1",
"FK_ContactUrls_To_Contact","ContactUrls","ContactId","2","Contact","Id","1",
"FK_ContactUrls_To_Url","ContactUrls","UrlId","3","Url","Id","1",
"FK_ContactVolunteerActivity_ContactVolunteerInfoId_To_ContactVolunteerInfo","ContactVolunteerActivity","ContactVolunteerInfoId","2","ContactVolunteerInfo","ContactId","1",
"FK_ContactVolunteerActivity_ActivityId_To_DictionaryItem","ContactVolunteerActivity","ActivityId","5","DictionaryItem","Id","1",
"FK_ContactVolunteerActivity_LocationId_To_DictionaryItem","ContactVolunteerActivity","LocationId","6","DictionaryItem","Id","1",
"FK_ContactVolunteerActivity_To_VolunteerProject","ContactVolunteerActivity","ProjectId","8","VolunteerProject","Id","1",
"FK_ContactVolunteerInfo_ContactId_To_Contact","ContactVolunteerInfo","ContactId","1","Contact","Id","1",
"FK_ContactVolunteerInfo_VolunteerStatusId_To_DictionaryItem","ContactVolunteerInfo","VolunteerStatusId","2","DictionaryItem","Id","1",
"FK_ContactVolunteerInfoWorkPreferences_ContactVolunteerInfoId_To_ContactVolunteerInfo","ContactVolunteerInfoWorkPreferences","ContactVolunteerInfoId","1","ContactVolunteerInfo","ContactId","1",
"FK_ContactVolunteerInfoWorkPreferences_WorkPreferenceId","ContactVolunteerInfoWorkPreferences","DictionaryItemId","2","DictionaryItem","Id","1",
"FK_CsvExportSettingsCustomField_To_CsvExportSettings","CsvExportSettingsCustomField","SettingsId","2","CsvExportSettings","Id","1",
"FK_CsvExportSettingsCustomField_To_FieldMetadata","CsvExportSettingsCustomField","FieldMetadataId","3","FieldMetadata","Id","1",
"FK_CsvExportSettingsField_To_CsvExportSettings","CsvExportSettingsField","SettingsId","2","CsvExportSettings","Id","1",
"FK_CsvExportSettingsField_To_ColumnMetadataId","CsvExportSettingsField","ColumnMetadataId","3","ColumnMetadata","Id","1",
"FK_DataView_OwnerId_To_User","DataView","OwnerId","5","User","UserId","1",
"FK_DataViewColumn_DataViewId_To_DataView","DataViewColumn","DataViewId","2","DataView","Id","1",
"FK_DataViewColumn_MetadataId_To_FilterMetadata","DataViewColumn","MetadataId","3","ColumnMetadata","Id","1",
"FK_DataViewCustomColumn_DataViewId_To_DataView","DataViewCustomColumn","DataViewId","2","DataView","Id","1",
"FK_DataViewCustomColumn_MetadataId_To_FieldMetadata","DataViewCustomColumn","MetadataId","3","FieldMetadata","Id","1",
"FK_DataViewCustomFilter_DataViewId_To_DataView","DataViewCustomFilter","DataViewId","2","DataView","Id","1",
"FK_DataViewCustomFilter_MetadataId_To_FieldMetadata","DataViewCustomFilter","MetadataId","3","FieldMetadata","Id","1",
"FK_DataViewFilter_DataViewId_To_DataView","DataViewFilter","DataViewId","2","DataView","Id","1",
"FK_DataViewFilter_MetadataId_To_FilterMetadata","DataViewFilter","MetadataId","3","FilterMetadata","Id","1",
"FK_DocumentImage_FileObjectId_To_FileObject","DocumentImage","FileObjectId","1","FileObject","Id","1",
"FK_DocumentImage_UserAddedId_To_UserAddedId","DocumentImage","UserAddedId","3","User","UserId","1",
"FK_Donation_CampaignActivityId_To_CampaignActivity","Donation","CampaignActivityId","2","CampaignActivity","Id","1",
"FK_Donation_AppliedToPledgeId_To_Pledge","Donation","AppliedToPledgeId","3","Pledge","Id","1",
"FK_Donation_RecievedFromId_To_Contact","Donation","ReceivedFromId","4","Contact","Id","1",
"FK_Donation_SolicitorId_To_DictionaryItem","Donation","SolicitorId","7","DictionaryItem","Id","1",
"FK_Donation_RevenueSourceId_To_DictionaryItem","Donation","RevenueSourceId","8","DictionaryItem","Id","1",
"FK_Donation_RevenueRestrictionId_To_DictionaryItem","Donation","RevenueRestrictionId","9","DictionaryItem","Id","1",
"FK_Donation_TypeOfPaymentId_To_DictionaryItem","Donation","TypeOfPaymentId","10","DictionaryItem","Id","1",
"FK_Donation_FundId_To_Fund","Donation","FundId","18","Fund","Id","1",
"FK_Donation_ThankYouLetterDocumentId_To_Document","Donation","ThankYouLetterDocumentId","20","Document","Id","1",
"FK_DPLAExportHistory_User","DPLAExportHistory","UserId","2","User","UserId","1",
"FK_DPLAExportHistory_FileObject","DPLAExportHistory","FileObjectId","6","FileObject","Id","1",
"FK_EmailSettings_Id_To_UserId","EmailSettings","Id","1","User","UserId","1",
"FK_Exhibit_CuratorId_To_DictionaryItem","Exhibit","CuratorId","18","DictionaryItem","Id","1",
"FK_Exhibit_InstallerId_To_DictionaryItem","Exhibit","InstallerId","19","DictionaryItem","Id","1",
"FK_Exhibit_DatasetId_To_DictionaryItem","Exhibit","DatasetId","20","DictionaryItem","Id","1",
"FK_ExhibitAttachment_To_Exhibit","ExhibitAttachment","ExhibitId","2","Exhibit","Id","1",
"FK_ExhibitAttachment_To_Attachment","ExhibitAttachment","AttachmentId","3","Attachment","Id","1",
"FK_ExhibitCatalogItems_To_CatalogItem","ExhibitCatalogItems","CatalogItemId","2","CatalogItem","Id","1",
"FK_ExhibitCatalogItems_To_Exhibit","ExhibitCatalogItems","ExhibitId","3","Exhibit","Id","1",
"FK_ExhibitClimateControl_ExhibitId_To_Exhibit","ExhibitClimateControl","ExhibitId","1","Exhibit","Id","1",
"FK_ExhibitImage_To_Exhibit","ExhibitImage","ExhibitId","2","Exhibit","Id","1",
"FK_ExhibitImage_To_Image","ExhibitImage","ImageId","3","ImageObject","Id","1",
"FK_ExhibitInsuranceInformation_ExhibitId_To_Exhibit","ExhibitInsuranceInformation","ExhibitId","1","Exhibit","Id","1",
"FK_ExhibitStaffRequired_ExhibitId_To_Exhibit","ExhibitSecurity","ExhibitId","1","Exhibit","Id","1",
"FK_ExhibitShippingInformation_ExhibitId_To_Exhibit","ExhibitShippingInformation","ExhibitId","1","Exhibit","Id","1",
"FK_ExhibitUrl_To_Exhibit","ExhibitUrl","ExhibitId","2","Exhibit","Id","1",
"FK_ExhibitUrl_To_Url","ExhibitUrl","UrlId","3","Url","Id","1",
"FK_ExhibitVisitorTraffic_ExhibitId_To_Exhibit","ExhibitVisitorTraffic","ExhibitId","1","Exhibit","Id","1",
"FK_FilterMetadataRestriction_To_FilterMetadata","FilterMetadataRestriction","MetadataId","2","FilterMetadata","Id","1",
"FK_Flag_ReasonId_To_DictionaryItem","Flag","ReasonId","3","DictionaryItem","Id","1",
"FK_FundDocumentTemplates_To_Fund","FundDocumentTemplate","Id","1","Fund","Id","1",
"FK_ImageObject_OriginalFileObjectId","ImageObject","OriginalFileObjectId","2","FileObject","Id","1",
"FK_ImageObject_ExtraLargeImageFileObjectId_To_FileObject","ImageObject","ExtraLargeImageFileObjectId","3","FileObject","Id","1",
"FK_ImageObject_OriginalObjectFormatId","ImageObject","OriginalObjectFormatId","16","DictionaryItem","Id","1",
"FK_ImageObject_EquipmentToAcquireId","ImageObject","EquipmentToAcquireId","17","DictionaryItem","Id","1",
"FK_ImageObject_SoftwareToAcquireId","ImageObject","SoftwareToAcquireId","18","DictionaryItem","Id","1",
"FK_ImageObject_GrayscaleOrRGBId","ImageObject","GrayscaleOrRGBId","19","DictionaryItem","Id","1",
"FK_ImageObject_MiniatureSquareFileObjectId","ImageObject","MiniatureSquareFileObjectId","21","FileObject","Id","1",
"FK_ImageObject_MiniatureNativeFileObjectId","ImageObject","MiniatureNativeFileObjectId","22","FileObject","Id","1",
"FK_ImageObject_SmallImageFileObjectId_To_FileObject","ImageObject","SmallImageFileObjectId","24","FileObject","Id","1",
"FK_ImageObject_MediumImageFileObjectId_To_FileObject","ImageObject","MediumImageFileObjectId","25","FileObject","Id","1",
"FK_ImageObject_LargeImageFileObjectId_To_FileObject","ImageObject","LargeImageFileObjectId","26","FileObject","Id","1",
"FK_ImageObject_CreatedBy_To_User","ImageObject","CreatedById","29","User","UserId","1",
"FK_ImageObject_LastModifiedBy_To_User","ImageObject","LastModifiedById","30","User","UserId","1",
"FK__ImageWate__Image__7CF981FA","ImageWatermark","ImageId","1","ImageObject","Id","1",
"FK_IncomingLoanReturnedItems_To_Accession","IncomingLoanReturnedItems","AccessionId","2","Accession","Id","1",
"FK_IncomingLoanReturnedItems_To_CatalogItem","IncomingLoanReturnedItems","CatalogItemId","3","CatalogItem","Id","1",
"FK_InKindGift_ReceivedFromId_To_Contact","InKindGift","ReceivedFromId","2","Contact","Id","1",
"FK_InKindGift_CampaignActivityId_To_CampaignActivity","InKindGift","CampaignActivityId","3","CampaignActivity","Id","1",
"FK_InKindGift_SolicitorId_To_DictionaryItem","InKindGift","SolicitorId","4","DictionaryItem","Id","1",
"FK_InKindGift_RevenueSourceId_To_DictionaryItem","InKindGift","RevenueSourceId","5","DictionaryItem","Id","1",
"FK_InKindGift_RevenueRestrictionId_To_DictionaryItem","InKindGift","RevenueRestrictionId","6","DictionaryItem","Id","1",
"FK_InKindGift_TypeId_To_DictionaryItem","InKindGift","TypeId","11","DictionaryItem","Id","1",
"FK_InventoryHistory_To_CatalogItem","InventoryHistory","CatalogItemId","2","CatalogItem","Id","1",
"FK_InventoryHistory_To_DictionaryItem","InventoryHistory","LastInventoriedById","3","DictionaryItem","Id","1",
"FK_LexiconItem_To_Category","LexiconItem","CategoryId","9","Category","Id","1",
"FK_LexiconItem_To_Classification","LexiconItem","ClassificationId","10","Classification","Id","1",
"FK_LexiconItem_To_SubClassification","LexiconItem","SubClassificationId","11","SubClassification","Id","1",
"FK_Loan_RenewedBy_To_DictionaryItem","Loan","RenewedById","15","DictionaryItem","Id","1",
"FK_Loan_DatasetId_To_DictionaryItem","Loan","DatasetId","17","DictionaryItem","Id","1",
"FK_LoanActivities_To_Loan","LoanActivities","LoanId","1","Loan","Id","1",
"FK_LoanActivities_To_Activity","LoanActivities","ActivityId","2","Activity","Id","1",
"FK_LoanAttachment_To_Attachment","LoanAttachment","AttachmentId","2","Attachment","Id","1",
"FK_LoanAttachment_To_Loan","LoanAttachment","LoanId","3","Loan","Id","1",
"FK_LoanCatalogItems_To_CatalogItem","LoanCatalogItems","CatalogItemId","2","CatalogItem","Id","1",
"FK_LoanCatalogItems_To_Loan","LoanCatalogItems","LoanId","3","Loan","Id","1",
"FK_LoanContactInformation_To_Loan","LoanContactInformation","Id","1","Loan","Id","1",
"FK_LoanContactInformation_To_DictionaryItem","LoanContactInformation","CountryId","17","DictionaryItem","Id","1",
"FK_LoanInsuranceInformation_To_Loan","LoanInsuranceInformation","Id","1","Loan","Id","1",
"FK_LoanShippingInformation_To_Loan","LoanShippingInformation","LoanId","1","Loan","Id","1",
"FK_LoanUrl_To_Url","LoanUrl","UrlId","2","Url","Id","1",
"FK_LoanUrl_To_Loan","LoanUrl","LoanId","3","Loan","Id","1",
"FK_Location_BuildingId_To_DictionaryItem","Location","BuildingId","2","DictionaryItem","Id","1","location"
"FK_Location_CabinetId_To_DictionaryItem","Location","CabinetId","3","DictionaryItem","Id","1","location"
"FK_Location_ContainerId_To_DictionaryItem","Location","ContainerId","4","DictionaryItem","Id","1","location"
"FK_Location_DrawerId_To_DictionaryItem","Location","DrawerId","5","DictionaryItem","Id","1","location"
"FK_Location_RoomId_To_DictionaryItem","Location","RoomId","6","DictionaryItem","Id","1","location"
"FK_Location_ShelfId_To_DictionaryItem","Location","ShelfId","7","DictionaryItem","Id","1","location"
"FK_Location_WallId_To_DictionaryItem","Location","WallId","8","DictionaryItem","Id","1","location"
"FK_Location_OtherId_To_DictionaryItem","Location","OtherId","9","DictionaryItem","Id","1","location"
"FK_LocationHistoryItem_LocationId_To_Location","LocationHistoryItem","LocationId","6","Location","Id","1",
"FK_LocationHistoryItem_CatalogItemLocationId_To_CatalogItemLocation","LocationHistoryItem","CatalogItemLocationId","8","CatalogItemLocation","CatalogItemId","1",
"FK_LocationHistoryItem_ActionBy_To_User","LocationHistoryItem","ActionById","9","User","UserId","1",
"FK_LocationHistoryItem_MoveAuthorizedById_To_DictionaryItem","LocationHistoryItem","MoveAuthorizedById","12","DictionaryItem","Id","1",
"FK_LocationHistoryItem_MovedById_To_DictionaryItem","LocationHistoryItem","MovedById","13","DictionaryItem","Id","1",
"FK_MailLog_To_DictionaryItem","MailLog","TypeId","8","DictionaryItem","Id","1",
"FK_Membership_To_MembershipType","Membership","MembershipTypeId","3","MembershipType","Id","1",
"FK_Membership_To_MembershipSubType","Membership","MembershipSubTypeId","5","MembershipSubType","Id","1",
"FK_Membership_To_CampaignActivity","Membership","CampaignActivityId","11","CampaignActivity","Id","1",
"FK_Membership_JointMemberId_To_Contact","Membership","JointMemberId","13","Contact","Id","1",
"FK_Membership_JoinedByMemberId_To_Contact","Membership","JoinedByMemberId","14","Contact","Id","1",
"FK_MembershipDuesPayment_To_Membership","MembershipDuesPayment","MembershipId","2","Membership","Id","1",
"FK_MembershipDuesPayment_To_Contact","MembershipDuesPayment","ReceivedFromId","3","Contact","Id","1",
"FK_MembershipDuesPayment_TypeOfPayment_To_DictionaryItem","MembershipDuesPayment","TypeOfPaymentId","8","DictionaryItem","Id","1",
"FK_MembershipDuesPayment_To_MembershipType","MembershipDuesPayment","MembershipTypeId","10","MembershipType","Id","1",
"FK_MembershipDuesPayment_To_MembershipSubType","MembershipDuesPayment","MembershipSubtypeId","11","MembershipSubType","Id","1",
"FK_MembershipDuesPayment_RevenueRestriction_To_DictionaryItem","MembershipDuesPayment","RevenueRestrictionId","12","DictionaryItem","Id","1",
"FK_MembershipDuesPayment_RevenueSource_To_DictionaryItem","MembershipDuesPayment","RevenueSourceId","13","DictionaryItem","Id","1",
"FK_MuseumBackup_To_Attachment","MuseumBackup","AttachmentId","3","Attachment","Id","1",
"FK_CatalogItemMusicTrack_CatalogItemMusicId_To_CatalogItemMusic","MusicTrack","CatalogItemMusicId","9","CatalogItemMusic","CatalogItemId","1",
"FK_CatalogItemOralHistory_To_CatalogItem","OralHistory","CatalogItemId","1","CatalogItem","Id","1",
"FK_OralHistory_Interviewer_To_DictionaryItem","OralHistory","InterviewerId","4","DictionaryItem","Id","1",
"FK_OralHistory_Narrator_To_DictionaryItem","OralHistory","NarratorId","8","DictionaryItem","Id","1",
"FK_OralHistory_RecordingMedia_To_DictionaryItems","OralHistory","RecordingMediaId","9","DictionaryItem","Id","1",
"FK_OralHistory_Transcriptionist_To_DictionaryItem","OralHistory","TranscriptionistId","12","DictionaryItem","Id","1",
"FK_OralHistoryRecording_OralHistory_To_OralHistory","OralHistoryRecording","OralHistoryId","6","OralHistory","CatalogItemId","1",
"FK_OutgoingLoanDocuments_To_Loans","OutgoingLoanDocuments","LoanId","2","Loan","Id","1",
"FK_OutgoingLoanDocuments_To_Documents","OutgoingLoanDocuments","DocumentId","3","Document","Id","1",
"FK_Person_CreatedByUserId","Person","CreatedByUserId","15","User","UserId","1",
"FK_Person_LastModifiedByUserId","Person","LastModifiedByUserId","16","User","UserId","1",
"FK_PersonAttachment_To_Person","PersonAttachment","PersonId","2","Person","Id","1",
"FK_PersonAttachment_To_Attachment","PersonAttachment","AttachmentId","3","Attachment","Id","1",
"FK_PersonBiographicalInformation_Id_To_Person","PersonBiographicalInformation","Id","1","Person","Id","1",
"FK_PersonBiographicalInformation_SexId_To_DictionaryItem","PersonBiographicalInformation","SexId","2","DictionaryItem","Id","1",
"FK_PersonBiographicalInformation_MaritalStatusId_To_DictionaryItem","PersonBiographicalInformation","MaritalStatusId","17","DictionaryItem","Id","1",
"FK_PersonCustomField_Person","PersonCustomField","PersonId","2","Person","Id","1",
"FK_PersonCustomField_FieldMetadata","PersonCustomField","FieldMetadataId","3","FieldMetadata","Id","1",
"FK_PersonImage_To_Person","PersonImage","PersonId","2","Person","Id","1",
"FK_PersonImage_To_Image","PersonImage","ImageId","3","ImageObject","Id","1",
"FK_PersonUrl_To_Person","PersonUrl","PersonId","2","Person","Id","1",
"FK_PersonUrl_To_Url","PersonUrl","UrlId","3","Url","Id","1",
"FK_Pledge_CampaignActivityId_To_CampaignActivity","Pledge","CampaignActivityId","2","CampaignActivity","Id","1",
"FK_Pledge_RecievedFromId_To_Contact","Pledge","RecievedFromId","3","Contact","Id","1",
"FK_Pledge_SolicitorId_To_DictionaryItem","Pledge","SolicitorId","7","DictionaryItem","Id","1",
"FK_Pledge_FundId_To_Fund","Pledge","FundId","12","Fund","Id","1",
"FK_PledgePaymentScheduleItem_PledgeId_To_Pledge","PledgePaymentScheduleItem","PledgeId","2","Pledge","Id","1",
"FK_SearchQueryParameter_To_SearchQuery","PublicSiteSearchQueryParameter","SearchQueryId","2","PublicSiteSearchQuery","Id","1",
"FK_AdvancedSearchCategory_SectionId_To_AdvancedSearch","PublicSiteSettingsAdvancedSearchCategory","AdvancedSearchSectionId","2","PublicSiteSettingsAdvancedSearch","Id","1",
"FK_PublicSiteSettingsAttachment_AttachmentId_To_Attachment","PublicSiteSettingsAttachment","AttachmentId","3","Attachment","Id","1",
"FK_CategoryMapping_To_Category","PublicSiteSettingsCategoryMapping","CategoryId","2","PublicSiteSettingsAdvancedSearchCategory","Id","1",
"FK_CategoryMappingCustomPublicField_To_CustomPublicField","PublicSiteSettingsCategoryMappingCustomPublicField","CustomPublicFieldId","1","PublicSiteSettingsCustomPublicField","Id","1",
"FK_CategoryMappingCustomPublicField_To_CategoryMapping","PublicSiteSettingsCategoryMappingCustomPublicField","CategoryMappingId","2","PublicSiteSettingsCategoryMapping","Id","1",
"FK_CategoryMappingPublicField_To_PublicField","PublicSiteSettingsCategoryMappingPublicField","PublicFieldId","1","PublicSiteSettingsPublicField","Id","1",
"FK_CategoryMappingPublicField_To_CategoryMapping","PublicSiteSettingsCategoryMappingPublicField","CategoryMappingId","2","PublicSiteSettingsCategoryMapping","Id","1",
"FK_PublicSiteSettingsCustomPublicField_FieldMetadata","PublicSiteSettingsCustomPublicField","FieldMetadataId","4","FieldMetadata","Id","1",
"FK_PublicField_To_ColumnMetadataId","PublicSiteSettingsPublicField","ColumnMetadataId","4","ColumnMetadata","Id","1",
"FK_PublicSiteSettingsSortOptions_ColumnMetadata","PublicSiteSettingsSortOptions","ColumnMetadataId","3","ColumnMetadata","Id","1",
"FK_Site_To_Dictionary","Site","CountryId","21","DictionaryItem","Id","1",
"FK_SiteArcheologyDetails_To_Sites","SiteArcheologyDetails","Id","1","Site","Id","1",
"FK_ProjectNameId_To_Dictionary","SiteArcheologyDetails","ProjectNameId","2","DictionaryItem","Id","1",
"FK_ProjectTypeId_To_Dictionary","SiteArcheologyDetails","ProjectTypeId","3","DictionaryItem","Id","1",
"FK_InvestigatorAffiliation_To_Dictionary","SiteArcheologyDetails","InvestigatorAffiliationId","5","DictionaryItem","Id","1",
"FK_ElectronicCatalogStatus_To_Dictionary","SiteArcheologyDetails","ElectronicCatalogStatusId","9","DictionaryItem","Id","1",
"FK_RehousingStatus_To_Dictionary","SiteArcheologyDetails","RehousingStatusId","11","DictionaryItem","Id","1",
"FK_ControllingAgency_To_Dictionary","SiteArcheologyDetails","ControllingAgencyId","12","DictionaryItem","Id","1",
"FK_SiteAttachments_To_Sites","SiteAttachments","SiteId","2","Site","Id","1",
"FK_SiteAttachments_To_Attachments","SiteAttachments","AttachmentId","3","Attachment","Id","1",
"FK_SiteCustomField_Site","SiteCustomField","SiteId","2","Site","Id","1",
"FK_SiteCustomField_FieldMetadata","SiteCustomField","FieldMetadataId","3","FieldMetadata","Id","1",
"FK_SiteImages_To_Site","SiteImages","SiteId","2","Site","Id","1",
"FK_SiteImages_To_Image","SiteImages","ImageId","3","ImageObject","Id","1",
"FK_SiteMappingOptions_To_Sites","SiteMappingOptions","Id","1","Site","Id","1",
"FK_SiteUrls_To_Sites","SiteUrls","SiteId","2","Site","Id","1",
"FK_SiteUrls_To_Urls","SiteUrls","UrlId","3","Url","Id","1",
"FK_SubClassification_To_Classification","SubClassification","ClassificationId","3","Classification","Id","1",
"FK_TempLocationMoveInfo_CatalogItemId_To_CatalogItem","TempLocationMoveInfo","CatalogItemId","1","CatalogItemLocation","CatalogItemId","1",
"FK_TempLocationMoveInfo_MoveAuthorizedById_To_DictionaryItem","TempLocationMoveInfo","MoveAuthorizedById","6","DictionaryItem","Id","1",
"FK_TempLocationMoveInfo_MovedById_To_DictionaryItem","TempLocationMoveInfo","MovedById","7","DictionaryItem","Id","1",
"FK_Url_UserAddedId","Url","UserAddedId","3","User","UserId","1",
"FK_User_UserRole","User","UserRoleId","7","UserRole","Id","1",
"FK_UserActionLog_To_User","UserActionLog","UserId","2","User","UserId","1",
"FK_UserLoginLog_To_Users","UserAuthenticationLog","UserId","2","User","UserId","1",
"FK_UserDefaultView_ViewId_To_DataView","UserDefaultView","ViewId","3","DataView","Id","1",
"FK_UserDefaultView_OwnerId_To_User","UserDefaultView","OwnerId","4","User","UserId","1",
"FK_UserRoleDictionary_UserRole","UserRoleDictionary","UserRoleId","2","UserRole","Id","1",
"FK_UserRoleDictionary_DictionaryItem","UserRoleDictionary","DictionaryItemId","3","DictionaryItem","Id","1",
"FK_UserRoleRestriction_UserRole","UserRoleRestriction","UserRoleId","1","UserRole","Id","1",
